id,received,channel,group,owner,checks_tripped,unsure_triggers,action,d0805_line,reason
CS-01,2026-03-02 09:40,Kickstarter,One question one answer,Priya,none,no_source_for_answer,holding_ack,none,"The backer only asks for a campaign date, which no source holds and R3 forbids, so it is a holding acknowledgement flagged to Priya."
CS-02,2026-03-02 11:05,Amazon buyer messages,One question one answer,Marco,none,none,full_answer,none,Plain Amazon order-status question answered with marked gaps for the Seller Central status and tracking.
CS-03,2026-03-02 13:22,Amazon buyer messages,One question one answer,Priya,none,none,full_answer,none,"Pre-sale product fact (fuel type and tank size), answered with marked gaps to be filled from the product page."
CS-04,2026-03-02 16:48,Shared inbox,Policy question,Marco,none,wear_or_defect,ask_for_missing,16;22;23;24;33;34;35;36;37;38;46;47;48,"Warranty claim inside the likely window, but the delivery date, a whole-item photo and how it was used are missing, and it is unclear whether warping is a fault or use damage."
CS-05,2026-03-03 08:15,Shared inbox,One question one answer,Marco,none,none,full_answer,none,Plain has-it-shipped question answered with marked gaps for the Shopify status and tracking.
CS-06,2026-03-03 12:30,Shared inbox,Policy question,Marco,none,none,ask_for_missing,59;63,"Return request with no refund asked for, so not money; the condition, packaging and delivery date are needed under lines 59 and 63 before Marco decides."
CS-07,2026-03-03 19:55,Kickstarter,One question one answer,Priya,none,no_source_for_answer;money_unclear,holding_ack,none,"The campaign date and early bird have no source and R3 forbids both; early bird is a discount, so money_unclear is flagged to Lena and only a holding acknowledgement is drafted."
CS-08,2026-03-04 10:02,Shared inbox,One question one answer,Marco,none,none,full_answer,none,"Tracking question answered with marked gaps for what the carrier shows, with no guess at whether it is lost and no delivery estimate."
CS-09,2026-03-04 14:37,Amazon buyer messages,Policy question,Marco,none,none,ask_for_missing,16;23;33;34;35;36;37;38;47,"Cast iron warranty claim where the customer describes a drop (excluded, line 23), but line 33 requires all four items before any outcome, so the missing ones are requested."
CS-10,2026-03-04 21:10,Amazon buyer messages,One question one answer,Priya,none,product_fact_missing,full_answer,none,"Pre-sale product question with nothing to decide, but neither fact (pre-seasoned, care) is in the sources, so the draft has marked gaps for Priya to fill."
CS-11,2026-03-05 07:44,Amazon buyer messages,One question one answer,Marco,none,delivery_date_unknown,full_answer,none,"Order status with nothing to decide; the draft gives only what Seller Central and tracking show and does not promise the 12th."
CS-12,2026-03-05 11:18,Shared inbox,Policy question,Marco,none,delivery_date_unknown,ask_for_missing,59;63,"Unopened change-of-mind return that D08-05 settles once the delivery date is known; no refund was asked, so no outcome is drafted and the arrival date is requested."
CS-13,2026-03-05 22:05,Amazon buyer messages,Escalation,Lena,anger_repeat,none,holding_ack,none,"Customer says this is the third contact with no reply, so repeat contact makes it Escalation; holding acknowledgement only."
CS-14,2026-03-06 09:31,Shared inbox,One question one answer,Marco,none,none,full_answer,none,"Order status from a frustrated but not angry customer, answered with marked gaps for the Shopify status and tracking."
CS-15,2026-03-06 15:12,Shared inbox,Policy question,Marco,none,delivery_date_unknown,ask_for_missing,22;33,"Rust after soap washing is on the excluded list, but no outcome is drafted and the four items are not all in."
CS-16,2026-03-06 16:40,Shared inbox,Not customer service,Lena,money,none,holding_ack,81,"A retailer asking for wholesale prices, minimums and terms goes to Lena with nothing quoted, so the draft is a holding acknowledgement only."
CS-17,2026-03-07 10:26,Amazon buyer messages,One question one answer,Marco,none,delivery_date_unknown,full_answer,none,"Order status with nothing to decide; the draft gives only what the order record and tracking show and no delivery date."
CS-18,2026-03-07 18:03,Kickstarter,Policy question,Marco,none,product_fact_missing,holding_ack,16;23;24,"Fit question needs a product fact not in the sources and the coverage question cannot be promised in advance, so the higher group applies and neither part is answered."
CS-19,2026-03-08 20:14,Amazon buyer messages,Judgment call,Marco,none,exception_window;wear_or_defect;delivery_date_unknown;two_readings,ask_for_missing,16;24;25;27;33;53,"A 14-month-old ignition failure falls between the 12-month window and 15 months and could be wear or a fault, so Marco decides once the delivery date, photos and account are in."
CS-20,2026-03-09 08:52,Amazon buyer messages,Escalation,Lena,money,none,holding_ack,none,"Customer reports a possible double charge, so the money check trips and this is Escalation under R4 with a holding acknowledgement only."
CS-21,2026-03-09 13:40,Shared inbox,One question one answer,Marco,none,none,full_answer,none,"Plain order-status question where frustration alone is not anger, so the draft answers it with marked Shopify gaps and does not repeat the 1-2 day claim (R2)."
CS-22,2026-03-09 17:25,Shared inbox,One question one answer,Priya,none,product_fact_missing,full_answer,none,Product fact question whose answer is in no source here so the draft leaves marked gaps for Priya under R11.
CS-23,2026-03-10 09:10,Shared inbox,Policy question,Marco,none,wear_or_defect,ask_for_missing,16;18;23;24;33;36;37;38,"Warranty claim inside the window that D08-05 can settle once the facts are in, but delivery date, photos and description are missing, so the draft asks for them with no outcome (R17)."
CS-24,2026-03-10 12:02,Amazon buyer messages,Escalation,Lena,money,none,holding_ack,none,"Cancellation with a refund request is money, so Escalation with no amount or promise."
CS-25,2026-03-10 15:33,Shared inbox,Escalation,Lena,anger_repeat,none,holding_ack,none,"Customer says this is the second time asking, so the repeat-contact check trips and only a holding acknowledgement is drafted."
CS-26,2026-03-11 10:45,Amazon buyer messages,One question one answer,Priya,none,product_fact_missing,full_answer,none,Pre-sale product comparison whose answer is in no source here so the draft leaves marked gaps for Priya under R11.
CS-27,2026-03-11 14:20,Shared inbox,Escalation,Lena,none,shipping_damage,holding_ack,79,"D08-05 sends damage in transit to Lena, so holding acknowledgement with no comment on fault."
CS-28,2026-03-11 21:37,Amazon buyer messages,Escalation,Lena,anger_repeat;money,none,holding_ack,none,"Fourth contact with threats of a review, an A-to-Z claim and a chargeback plus a refund mention, so anger and money both trip and R13 applies: holding acknowledgement only."
CS-29,2026-03-12 11:09,Shared inbox,Judgment call,Marco,none,wear_or_defect;two_readings,ask_for_missing,24;33;36;37;38;53;63,"A handle loose after three weeks could be normal wear or a fault, and the delivery date, photos and use description are missing."
CS-30,2026-03-12 19:48,Amazon buyer messages,Policy question,Marco,none,delivery_date_unknown,ask_for_missing,59;61;63,"Unused boxed return with no refund asked is settled by D08-05 once the delivery date is known, so we ask for it."
CS-31,2026-03-13 10:30,Shared inbox,One question one answer,Marco,none,none,full_answer,none,Polite order-status question with nothing to decide so the draft answers it with marked Shopify gaps.
